{
  "mcf_6388": {
    "ipc": 0.432535
  },
  "legacy-hmmer-Vector": {
    "ipc": 1.856368
  },
  "GemsFDTD_49458": {
    "ipc": 0.893233
  },
  "legacy-astar": {
    "ipc": 1.909884
  },
  "wrf_112496": {
    "ipc": 2.410811
  },
  "lbm_31064": {
    "ipc": 2.505602
  },
  "legacy-wrf": {
    "ipc": 2.695562
  },
  "sphinx3_141036": {
    "ipc": 3.740738
  },
  "gobmk_nngs_453": {
    "ipc": 0.698447
  },
  "povray_8362": {
    "ipc": 2.667399
  },
  "legacy-milc": {
    "ipc": 1.599547
  },
  "tonto_69015": {
    "ipc": 4.030848
  },
  "calculix_53456": {
    "ipc": 5.245143
  },
  "bwaves_30350": {
    "ipc": 1.011716
  },
  "legacy-mcf": {
    "ipc": 0.954881
  },
  "legacy-lbm": {
    "ipc": 2.614442
  },
  "leslie3d_37552": {
    "ipc": 2.070559
  },
  "soplex_ref_10774": {
    "ipc": 3.64269
  },
  "omnetpp_14042": {
    "ipc": 0.83713
  },
  "legacy-gromacs": {
    "ipc": 2.99622
  },
  "dealII_13061": {
    "ipc": 3.614235
  },
  "namd_75757": {
    "ipc": 3.432107
  },
  "gromacs_2907": {
    "ipc": 1.999438
  },
  "milc_7124": {
    "ipc": 2.5376
  },
  "cactusADM_61235": {
    "ipc": 3.794015
  },
  "zeusmp_45598": {
    "ipc": 3.310194
  },
  "gamess_gradient_36450": {
    "ipc": 4.830895
  },
  "gcc_s04_2772": {
    "ipc": 2.007536
  },
  "legacy-gcc": {
    "ipc": 1.375162
  },
  "astar_rivers_8728": {
    "ipc": 2.011431
  },
  "sjeng_64284": {
    "ipc": 2.164246
  },
  "xalancbmk_9874": {
    "ipc": 2.875652
  },
  "legacy-xalancbmk": {
    "ipc": 3.706226
  },
  "legacy-namd": {
    "ipc": 3.605168
  },
  "perlbench_splitmail_3995": {
    "ipc": 4.199566
  },
  "h264ref_foreman.main_10053": {
    "ipc": 4.044773
  },
  "libquantum_81539": {
    "ipc": 4.97483
  },
  "hmmer_nph3_33214": {
    "ipc": 5.68484
  },
  "bzip2_liberty_739": {
    "ipc": 7.019924
  }
}