{
  "legacy-hmmer-Vector": {
    "ipc": 1.846692
  },
  "mcf_6388": {
    "ipc": 0.432304
  },
  "GemsFDTD_49458": {
    "ipc": 1.002677
  },
  "legacy-astar": {
    "ipc": 1.933815
  },
  "wrf_112496": {
    "ipc": 2.380286
  },
  "lbm_31064": {
    "ipc": 2.499322
  },
  "sphinx3_141036": {
    "ipc": 3.679446
  },
  "legacy-milc": {
    "ipc": 1.6192
  },
  "povray_8362": {
    "ipc": 2.678803
  },
  "legacy-wrf": {
    "ipc": 2.693809
  },
  "legacy-gromacs": {
    "ipc": 3.001292
  },
  "gobmk_nngs_453": {
    "ipc": 0.698313
  },
  "tonto_69015": {
    "ipc": 4.055953
  },
  "omnetpp_14042": {
    "ipc": 0.83493
  },
  "calculix_53456": {
    "ipc": 5.26521
  },
  "legacy-mcf": {
    "ipc": 0.953266
  },
  "leslie3d_37552": {
    "ipc": 2.075284
  },
  "bwaves_30350": {
    "ipc": 1.01237
  },
  "milc_7124": {
    "ipc": 2.520129
  },
  "soplex_ref_10774": {
    "ipc": 3.63509
  },
  "dealII_13061": {
    "ipc": 3.612731
  },
  "legacy-lbm": {
    "ipc": 2.61871
  },
  "namd_75757": {
    "ipc": 3.416993
  },
  "cactusADM_61235": {
    "ipc": 3.77553
  },
  "gromacs_2907": {
    "ipc": 2.004365
  },
  "zeusmp_45598": {
    "ipc": 3.210115
  },
  "gcc_s04_2772": {
    "ipc": 2.013176
  },
  "legacy-gcc": {
    "ipc": 1.372589
  },
  "gamess_gradient_36450": {
    "ipc": 4.796228
  },
  "astar_rivers_8728": {
    "ipc": 2.030928
  },
  "sjeng_64284": {
    "ipc": 2.148499
  },
  "xalancbmk_9874": {
    "ipc": 2.805397
  },
  "legacy-xalancbmk": {
    "ipc": 3.644768
  },
  "legacy-namd": {
    "ipc": 3.580815
  },
  "libquantum_81539": {
    "ipc": 4.966711
  },
  "perlbench_splitmail_3995": {
    "ipc": 4.210313
  },
  "h264ref_foreman.main_10053": {
    "ipc": 3.976671
  },
  "hmmer_nph3_33214": {
    "ipc": 5.574559
  },
  "bzip2_liberty_739": {
    "ipc": 6.947161
  }
}