{
  "gobmk_nngs_453": {
    "ipc": 0.699774
  },
  "mcf_6388": {
    "ipc": 0.43551
  },
  "legacy-hmmer-Vector": {
    "ipc": 1.84441
  },
  "GemsFDTD_49458": {
    "ipc": 1.002677
  },
  "legacy-astar": {
    "ipc": 1.906138
  },
  "wrf_112496": {
    "ipc": 2.380286
  },
  "sphinx3_141036": {
    "ipc": 3.693905
  },
  "legacy-mcf": {
    "ipc": 0.958799
  },
  "lbm_31064": {
    "ipc": 2.505087
  },
  "legacy-wrf": {
    "ipc": 2.693925
  },
  "povray_8362": {
    "ipc": 2.677873
  },
  "legacy-milc": {
    "ipc": 1.6192
  },
  "tonto_69015": {
    "ipc": 3.977881
  },
  "leslie3d_37552": {
    "ipc": 2.075284
  },
  "bwaves_30350": {
    "ipc": 1.01237
  },
  "calculix_53456": {
    "ipc": 5.256182
  },
  "soplex_ref_10774": {
    "ipc": 3.63509
  },
  "gromacs_2907": {
    "ipc": 1.999552
  },
  "legacy-gromacs": {
    "ipc": 3.000783
  },
  "omnetpp_14042": {
    "ipc": 0.831827
  },
  "legacy-lbm": {
    "ipc": 2.61871
  },
  "milc_7124": {
    "ipc": 2.520129
  },
  "cactusADM_61235": {
    "ipc": 3.77553
  },
  "namd_75757": {
    "ipc": 3.43973
  },
  "dealII_13061": {
    "ipc": 3.59869
  },
  "zeusmp_45598": {
    "ipc": 3.210115
  },
  "gamess_gradient_36450": {
    "ipc": 4.796717
  },
  "legacy-gcc": {
    "ipc": 1.382226
  },
  "gcc_s04_2772": {
    "ipc": 2.014525
  },
  "astar_rivers_8728": {
    "ipc": 2.020006
  },
  "xalancbmk_9874": {
    "ipc": 2.805712
  },
  "sjeng_64284": {
    "ipc": 2.150392
  },
  "h264ref_foreman.main_10053": {
    "ipc": 3.977086
  },
  "legacy-xalancbmk": {
    "ipc": 3.644013
  },
  "legacy-namd": {
    "ipc": 3.604377
  },
  "libquantum_81539": {
    "ipc": 4.966711
  },
  "perlbench_splitmail_3995": {
    "ipc": 4.214078
  },
  "hmmer_nph3_33214": {
    "ipc": 5.574726
  },
  "bzip2_liberty_739": {
    "ipc": 6.947161
  }
}