{
  "GemsFDTD_49458": {
    "ipc": 1.002677
  },
  "bzip2_liberty_739": {
    "ipc": 6.938263
  },
  "astar_rivers_8728": {
    "ipc": 2.032338
  },
  "bwaves_30350": {
    "ipc": 1.012016
  },
  "calculix_53456": {
    "ipc": 5.245688
  },
  "cactusADM_61235": {
    "ipc": 3.77553
  },
  "dealII_13061": {
    "ipc": 3.580411
  },
  "gamess_gradient_36450": {
    "ipc": 4.806644
  },
  "gcc_s04_2772": {
    "ipc": 2.013916
  },
  "gobmk_nngs_453": {
    "ipc": 0.698114
  },
  "gromacs_2907": {
    "ipc": 2.002076
  },
  "h264ref_foreman.main_10053": {
    "ipc": 3.973554
  },
  "hmmer_nph3_33214": {
    "ipc": 5.590928
  },
  "lbm_31064": {
    "ipc": 2.499407
  },
  "legacy-astar": {
    "ipc": 1.916766
  },
  "legacy-gcc": {
    "ipc": 1.370803
  },
  "legacy-gromacs": {
    "ipc": 2.996136
  },
  "legacy-hmmer-Vector": {
    "ipc": 1.841001
  },
  "legacy-lbm": {
    "ipc": 2.61951
  },
  "legacy-mcf": {
    "ipc": 0.957135
  },
  "legacy-milc": {
    "ipc": 1.6192
  },
  "legacy-namd": {
    "ipc": 3.598959
  },
  "legacy-wrf": {
    "ipc": 2.691812
  },
  "legacy-xalancbmk": {
    "ipc": 3.626246
  },
  "leslie3d_37552": {
    "ipc": 2.073922
  },
  "libquantum_81539": {
    "ipc": 4.966711
  },
  "mcf_6388": {
    "ipc": 0.433418
  },
  "milc_7124": {
    "ipc": 2.520129
  },
  "namd_75757": {
    "ipc": 3.423567
  },
  "omnetpp_14042": {
    "ipc": 0.840447
  },
  "perlbench_splitmail_3995": {
    "ipc": 4.205943
  },
  "povray_8362": {
    "ipc": 2.670739
  },
  "sjeng_64284": {
    "ipc": 2.172949
  },
  "soplex_ref_10774": {
    "ipc": 3.63509
  },
  "sphinx3_141036": {
    "ipc": 3.683767
  },
  "tonto_69015": {
    "ipc": 4.012626
  },
  "wrf_112496": {
    "ipc": 2.413643
  },
  "xalancbmk_9874": {
    "ipc": 2.803137
  },
  "zeusmp_45598": {
    "ipc": 3.234192
  }
}